Energy_Production,date,year,month,day,day_of_year,day_of_week,day_of_week_name,quarter,week_of_year,date_offset,season
3.3336,1939-01-01,1939,1,1,1,6,Sunday,1,52,1081,Winter
3.3591,1939-02-01,1939,2,1,32,2,Wednesday,1,5,1181,Winter
3.4354,1939-03-01,1939,3,1,60,2,Wednesday,1,9,1281,Winter
3.4609,1939-04-01,1939,4,1,91,5,Saturday,2,13,81,Spring
3.4609,1939-05-01,1939,5,1,121,0,Monday,2,18,181,Spring
3.5117,1939-06-01,1939,6,1,152,3,Thursday,2,22,281,Spring
3.5117,1939-07-01,1939,7,1,182,5,Saturday,3,26,381,Summer
3.5626,1939-08-01,1939,8,1,213,1,Tuesday,3,31,481,Summer
3.6644,1939-09-01,1939,9,1,244,4,Friday,3,35,581,Summer
3.6644,1939-10-01,1939,10,1,274,6,Sunday,4,39,681,Fall
3.6899,1939-11-01,1939,11,1,305,2,Wednesday,4,44,781,Fall
3.6899,1939-12-01,1939,12,1,335,4,Friday,4,48,881,Fall
3.7153,1940-01-01,1940,1,1,1,0,Monday,1,1,1081,Winter
3.7662,1940-02-01,1940,2,1,32,3,Thursday,1,5,1181,Winter
3.7917,1940-03-01,1940,3,1,61,4,Friday,1,9,1281,Winter
3.7917,1940-04-01,1940,4,1,92,0,Monday,2,14,81,Spring
3.8171,1940-05-01,1940,5,1,122,2,Wednesday,2,18,181,Spring
3.868,1940-06-01,1940,6,1,153,5,Saturday,2,22,281,Spring
3.868,1940-07-01,1940,7,1,183,0,Monday,3,27,381,Summer
3.9189,1940-08-01,1940,8,1,214,3,Thursday,3,31,481,Summer
3.9698,1940-09-01,1940,9,1,245,6,Sunday,3,35,581,Summer
3.9952,1940-10-01,1940,10,1,275,1,Tuesday,4,40,681,Fall
4.097,1940-11-01,1940,11,1,306,4,Friday,4,44,781,Fall
4.097,1940-12-01,1940,12,1,336,6,Sunday,4,48,881,Fall
4.1225,1941-01-01,1941,1,1,1,2,Wednesday,1,1,1081,Winter
4.1734,1941-02-01,1941,2,1,32,5,Saturday,1,5,1181,Winter
4.2243,1941-03-01,1941,3,1,60,5,Saturday,1,9,1281,Winter
4.2752,1941-04-01,1941,4,1,91,1,Tuesday,2,14,81,Spring
4.3006,1941-05-01,1941,5,1,121,3,Thursday,2,18,181,Spring
4.377,1941-06-01,1941,6,1,152,6,Sunday,2,22,281,Spring
4.4278,1941-07-01,1941,7,1,182,1,Tuesday,3,27,381,Summer
4.4787,1941-08-01,1941,8,1,213,4,Friday,3,31,481,Summer
4.5042,1941-09-01,1941,9,1,244,0,Monday,3,36,581,Summer
4.5296,1941-10-01,1941,10,1,274,2,Wednesday,4,40,681,Fall
4.5805,1941-11-01,1941,11,1,305,5,Saturday,4,44,781,Fall
4.6823,1941-12-01,1941,12,1,335,0,Monday,4,49,881,Fall
4.7332,1942-01-01,1942,1,1,1,3,Thursday,1,1,1081,Winter
4.7841,1942-02-01,1942,2,1,32,6,Sunday,1,5,1181,Winter
4.8096,1942-03-01,1942,3,1,60,6,Sunday,1,9,1281,Winter
4.8096,1942-04-01,1942,4,1,91,2,Wednesday,2,14,81,Spring
4.8096,1942-05-01,1942,5,1,121,4,Friday,2,18,181,Spring
4.835,1942-06-01,1942,6,1,152,0,Monday,2,23,281,Spring
4.9877,1942-07-01,1942,7,1,182,2,Wednesday,3,27,381,Summer
5.0131,1942-08-01,1942,8,1,213,5,Saturday,3,31,481,Summer
5.0386,1942-09-01,1942,9,1,244,1,Tuesday,3,36,581,Summer
5.0386,1942-10-01,1942,10,1,274,3,Thursday,4,40,681,Fall
5.1149,1942-11-01,1942,11,1,305,6,Sunday,4,44,781,Fall
5.1913,1942-12-01,1942,12,1,335,1,Tuesday,4,49,881,Fall
5.1404,1943-01-01,1943,1,1,1,4,Friday,1,53,1081,Winter
5.2167,1943-02-01,1943,2,1,32,0,Monday,1,5,1181,Winter
5.2422,1943-03-01,1943,3,1,60,0,Monday,1,9,1281,Winter
5.3185,1943-04-01,1943,4,1,91,3,Thursday,2,13,81,Spring
5.344,1943-05-01,1943,5,1,121,5,Saturday,2,17,181,Spring
5.4457,1943-06-01,1943,6,1,152,1,Tuesday,2,22,281,Spring
5.4966,1943-07-01,1943,7,1,182,3,Thursday,3,26,381,Summer
5.5221,1943-08-01,1943,8,1,213,6,Sunday,3,30,481,Summer
5.6239,1943-09-01,1943,9,1,244,2,Wednesday,3,35,581,Summer
5.6239,1943-10-01,1943,10,1,274,4,Friday,4,39,681,Fall
5.7002,1943-11-01,1943,11,1,305,0,Monday,4,44,781,Fall
5.7002,1943-12-01,1943,12,1,335,2,Wednesday,4,48,881,Fall
5.6493,1944-01-01,1944,1,1,1,5,Saturday,1,52,1081,Winter
5.7257,1944-02-01,1944,2,1,32,1,Tuesday,1,5,1181,Winter
5.8275,1944-03-01,1944,3,1,61,2,Wednesday,1,9,1281,Winter
5.8529,1944-04-01,1944,4,1,92,5,Saturday,2,13,81,Spring
5.8529,1944-05-01,1944,5,1,122,0,Monday,2,18,181,Spring
5.8529,1944-06-01,1944,6,1,153,3,Thursday,2,22,281,Spring
5.802,1944-07-01,1944,7,1,183,5,Saturday,3,26,381,Summer
5.8275,1944-08-01,1944,8,1,214,1,Tuesday,3,31,481,Summer
5.802,1944-09-01,1944,9,1,245,4,Friday,3,35,581,Summer
5.7511,1944-10-01,1944,10,1,275,6,Sunday,4,39,681,Fall
5.802,1944-11-01,1944,11,1,306,2,Wednesday,4,44,781,Fall
5.8275,1944-12-01,1944,12,1,336,4,Friday,4,48,881,Fall
5.9292,1945-01-01,1945,1,1,1,0,Monday,1,1,1081,Winter
5.9292,1945-02-01,1945,2,1,32,3,Thursday,1,5,1181,Winter
5.9038,1945-03-01,1945,3,1,60,3,Thursday,1,9,1281,Winter
5.9038,1945-04-01,1945,4,1,91,6,Sunday,2,13,81,Spring
5.9547,1945-05-01,1945,5,1,121,1,Tuesday,2,18,181,Spring
6.031,1945-06-01,1945,6,1,152,4,Friday,2,22,281,Spring
6.0056,1945-07-01,1945,7,1,182,6,Sunday,3,26,381,Summer
5.9038,1945-08-01,1945,8,1,213,2,Wednesday,3,31,481,Summer
5.802,1945-09-01,1945,9,1,244,5,Saturday,3,35,581,Summer
5.7511,1945-10-01,1945,10,1,274,0,Monday,4,40,681,Fall
5.802,1945-11-01,1945,11,1,305,3,Thursday,4,44,781,Fall
5.8529,1945-12-01,1945,12,1,335,5,Saturday,4,48,881,Fall
5.8529,1946-01-01,1946,1,1,1,1,Tuesday,1,1,1081,Winter
5.8529,1946-02-01,1946,2,1,32,4,Friday,1,5,1181,Winter
5.8529,1946-03-01,1946,3,1,60,4,Friday,1,9,1281,Winter
5.9547,1946-04-01,1946,4,1,91,0,Monday,2,14,81,Spring
6.0056,1946-05-01,1946,5,1,121,2,Wednesday,2,18,181,Spring
6.031,1946-06-01,1946,6,1,152,5,Saturday,2,22,281,Spring
6.1583,1946-07-01,1946,7,1,182,0,Monday,3,27,381,Summer
6.2601,1946-08-01,1946,8,1,213,3,Thursday,3,31,481,Summer
6.3364,1946-09-01,1946,9,1,244,6,Sunday,3,35,581,Summer
6.4127,1946-10-01,1946,10,1,274,1,Tuesday,4,40,681,Fall
6.4382,1946-11-01,1946,11,1,305,4,Friday,4,44,781,Fall
6.4636,1946-12-01,1946,12,1,335,6,Sunday,4,48,881,Fall
6.6418,1947-01-01,1947,1,1,1,2,Wednesday,1,1,1081,Winter
6.5145,1947-02-01,1947,2,1,32,5,Saturday,1,5,1181,Winter
6.4636,1947-03-01,1947,3,1,60,5,Saturday,1,9,1281,Winter
6.4636,1947-04-01,1947,4,1,91,1,Tuesday,2,14,81,Spring
6.4382,1947-05-01,1947,5,1,121,3,Thursday,2,18,181,Spring
6.4382,1947-06-01,1947,6,1,152,6,Sunday,2,22,281,Spring
6.4382,1947-07-01,1947,7,1,182,1,Tuesday,3,27,381,Summer
6.6163,1947-08-01,1947,8,1,213,4,Friday,3,31,481,Summer
6.7436,1947-09-01,1947,9,1,244,0,Monday,3,36,581,Summer
6.769,1947-10-01,1947,10,1,274,2,Wednesday,4,40,681,Fall
6.8454,1947-11-01,1947,11,1,305,5,Saturday,4,44,781,Fall
7.1762,1947-12-01,1947,12,1,335,0,Monday,4,49,881,Fall
7.5324,1948-01-01,1948,1,1,1,3,Thursday,1,1,1081,Winter
7.3543,1948-02-01,1948,2,1,32,6,Sunday,1,5,1181,Winter
7.3798,1948-03-01,1948,3,1,61,0,Monday,1,10,1281,Winter
7.2271,1948-04-01,1948,4,1,92,3,Thursday,2,14,81,Spring
7.0744,1948-05-01,1948,5,1,122,5,Saturday,2,18,181,Spring
7.1253,1948-06-01,1948,6,1,153,1,Tuesday,2,23,281,Spring
7.1762,1948-07-01,1948,7,1,183,3,Thursday,3,27,381,Summer
7.3543,1948-08-01,1948,8,1,214,6,Sunday,3,31,481,Summer
7.4815,1948-09-01,1948,9,1,245,2,Wednesday,3,36,581,Summer
7.5579,1948-10-01,1948,10,1,275,4,Friday,4,40,681,Fall
7.6597,1948-11-01,1948,11,1,306,0,Monday,4,45,781,Fall
7.965,1948-12-01,1948,12,1,336,2,Wednesday,4,49,881,Fall
8.1432,1949-01-01,1949,1,1,1,5,Saturday,1,53,1081,Winter
7.965,1949-02-01,1949,2,1,32,1,Tuesday,1,5,1181,Winter
7.8633,1949-03-01,1949,3,1,60,1,Tuesday,1,9,1281,Winter
7.6851,1949-04-01,1949,4,1,91,4,Friday,2,13,81,Spring
7.5324,1949-05-01,1949,5,1,121,6,Sunday,2,17,181,Spring
7.5833,1949-06-01,1949,6,1,152,2,Wednesday,2,22,281,Spring
7.6851,1949-07-01,1949,7,1,182,4,Friday,3,26,381,Summer
7.8633,1949-08-01,1949,8,1,213,0,Monday,3,31,481,Summer
7.9396,1949-09-01,1949,9,1,244,3,Thursday,3,35,581,Summer
7.8887,1949-10-01,1949,10,1,274,5,Saturday,4,39,681,Fall
8.0923,1949-11-01,1949,11,1,305,1,Tuesday,4,44,781,Fall
8.5503,1949-12-01,1949,12,1,335,3,Thursday,4,48,881,Fall
8.9575,1950-01-01,1950,1,1,1,6,Sunday,1,52,1081,Winter
8.7539,1950-02-01,1950,2,1,32,2,Wednesday,1,5,1181,Winter
8.8048,1950-03-01,1950,3,1,60,2,Wednesday,1,9,1281,Winter
8.703,1950-04-01,1950,4,1,91,5,Saturday,2,13,81,Spring
8.6776,1950-05-01,1950,5,1,121,0,Monday,2,18,181,Spring
8.7539,1950-06-01,1950,6,1,152,3,Thursday,2,22,281,Spring
8.7794,1950-07-01,1950,7,1,182,5,Saturday,3,26,381,Summer
8.9829,1950-08-01,1950,8,1,213,1,Tuesday,3,31,481,Summer
9.1102,1950-09-01,1950,9,1,244,4,Friday,3,35,581,Summer
9.2629,1950-10-01,1950,10,1,274,6,Sunday,4,39,681,Fall
9.3901,1950-11-01,1950,11,1,305,2,Wednesday,4,44,781,Fall
9.7209,1950-12-01,1950,12,1,335,4,Friday,4,48,881,Fall
10.2808,1951-01-01,1951,1,1,1,0,Monday,1,1,1081,Winter
10.1281,1951-02-01,1951,2,1,32,3,Thursday,1,5,1181,Winter
10.1281,1951-03-01,1951,3,1,60,3,Thursday,1,9,1281,Winter
10.1026,1951-04-01,1951,4,1,91,6,Sunday,2,13,81,Spring
9.899,1951-05-01,1951,5,1,121,1,Tuesday,2,18,181,Spring
10.0263,1951-06-01,1951,6,1,152,4,Friday,2,22,281,Spring
10.0772,1951-07-01,1951,7,1,182,6,Sunday,3,26,381,Summer
10.3062,1951-08-01,1951,8,1,213,2,Wednesday,3,31,481,Summer
10.408,1951-09-01,1951,9,1,244,5,Saturday,3,35,581,Summer
10.3317,1951-10-01,1951,10,1,274,0,Monday,4,40,681,Fall
10.5352,1951-11-01,1951,11,1,305,3,Thursday,4,44,781,Fall
10.8406,1951-12-01,1951,12,1,335,5,Saturday,4,48,881,Fall
11.375,1952-01-01,1952,1,1,1,1,Tuesday,1,1,1081,Winter
11.1205,1952-02-01,1952,2,1,32,4,Friday,1,5,1181,Winter
11.0442,1952-03-01,1952,3,1,61,5,Saturday,1,9,1281,Winter
10.7643,1952-04-01,1952,4,1,92,1,Tuesday,2,14,81,Spring
10.5607,1952-05-01,1952,5,1,122,3,Thursday,2,18,181,Spring
10.637,1952-06-01,1952,6,1,153,6,Sunday,2,22,281,Spring
10.8152,1952-07-01,1952,7,1,183,1,Tuesday,3,27,381,Summer
11.1714,1952-08-01,1952,8,1,214,4,Friday,3,31,481,Summer
11.375,1952-09-01,1952,9,1,245,0,Monday,3,36,581,Summer
11.3496,1952-10-01,1952,10,1,275,2,Wednesday,4,40,681,Fall
11.4513,1952-11-01,1952,11,1,306,5,Saturday,4,44,781,Fall
11.8585,1952-12-01,1952,12,1,336,0,Monday,4,49,881,Fall
12.2657,1953-01-01,1953,1,1,1,3,Thursday,1,1,1081,Winter
11.8839,1953-02-01,1953,2,1,32,6,Sunday,1,5,1181,Winter
11.9603,1953-03-01,1953,3,1,60,6,Sunday,1,9,1281,Winter
11.8839,1953-04-01,1953,4,1,91,2,Wednesday,2,14,81,Spring
11.7313,1953-05-01,1953,5,1,121,4,Friday,2,18,181,Spring
11.8839,1953-06-01,1953,6,1,152,0,Monday,2,23,281,Spring
12.0621,1953-07-01,1953,7,1,182,2,Wednesday,3,27,381,Summer
12.2402,1953-08-01,1953,8,1,213,5,Saturday,3,31,481,Summer
12.2402,1953-09-01,1953,9,1,244,1,Tuesday,3,36,581,Summer
12.1384,1953-10-01,1953,10,1,274,3,Thursday,4,40,681,Fall
12.0621,1953-11-01,1953,11,1,305,6,Sunday,4,44,781,Fall
12.4692,1953-12-01,1953,12,1,335,1,Tuesday,4,49,881,Fall
13.1563,1954-01-01,1954,1,1,1,4,Friday,1,53,1081,Winter
12.8001,1954-02-01,1954,2,1,32,0,Monday,1,5,1181,Winter
12.7492,1954-03-01,1954,3,1,60,0,Monday,1,9,1281,Winter
12.5965,1954-04-01,1954,4,1,91,3,Thursday,2,13,81,Spring
12.342,1954-05-01,1954,5,1,121,5,Saturday,2,17,181,Spring
12.5456,1954-06-01,1954,6,1,152,1,Tuesday,2,22,281,Spring
12.8764,1954-07-01,1954,7,1,182,3,Thursday,3,26,381,Summer
13.2072,1954-08-01,1954,8,1,213,6,Sunday,3,30,481,Summer
13.2581,1954-09-01,1954,9,1,244,2,Wednesday,3,35,581,Summer
13.1563,1954-10-01,1954,10,1,274,4,Friday,4,39,681,Fall
13.2072,1954-11-01,1954,11,1,305,0,Monday,4,44,781,Fall
13.8688,1954-12-01,1954,12,1,335,2,Wednesday,4,48,881,Fall
14.276,1955-01-01,1955,1,1,1,5,Saturday,1,52,1081,Winter
14.2251,1955-02-01,1955,2,1,32,1,Tuesday,1,5,1181,Winter
14.2251,1955-03-01,1955,3,1,60,1,Tuesday,1,9,1281,Winter
14.0724,1955-04-01,1955,4,1,91,4,Friday,2,13,81,Spring
13.7925,1955-05-01,1955,5,1,121,6,Sunday,2,17,181,Spring
13.9197,1955-06-01,1955,6,1,152,2,Wednesday,2,22,281,Spring
14.276,1955-07-01,1955,7,1,182,4,Friday,3,26,381,Summer
14.9885,1955-08-01,1955,8,1,213,0,Monday,3,31,481,Summer
15.0903,1955-09-01,1955,9,1,244,3,Thursday,3,35,581,Summer
14.8104,1955-10-01,1955,10,1,274,5,Saturday,4,39,681,Fall
14.8867,1955-11-01,1955,11,1,305,1,Tuesday,4,44,781,Fall
15.6502,1955-12-01,1955,12,1,335,3,Thursday,4,48,881,Fall
16.21,1956-01-01,1956,1,1,1,6,Sunday,1,52,1081,Winter
16.0064,1956-02-01,1956,2,1,32,2,Wednesday,1,5,1181,Winter
15.8537,1956-03-01,1956,3,1,61,3,Thursday,1,9,1281,Winter
15.6502,1956-04-01,1956,4,1,92,6,Sunday,2,13,81,Spring
15.4975,1956-05-01,1956,5,1,122,1,Tuesday,2,18,181,Spring
15.5993,1956-06-01,1956,6,1,153,4,Friday,2,22,281,Spring
15.8283,1956-07-01,1956,7,1,183,6,Sunday,3,26,381,Summer
16.21,1956-08-01,1956,8,1,214,2,Wednesday,3,31,481,Summer
16.1082,1956-09-01,1956,9,1,245,5,Saturday,3,35,581,Summer
15.8283,1956-10-01,1956,10,1,275,0,Monday,4,40,681,Fall
15.8283,1956-11-01,1956,11,1,306,3,Thursday,4,44,781,Fall
16.5408,1956-12-01,1956,12,1,336,5,Saturday,4,48,881,Fall
17.2788,1957-01-01,1957,1,1,1,1,Tuesday,1,1,1081,Winter
17.0498,1957-02-01,1957,2,1,32,4,Friday,1,5,1181,Winter
16.8208,1957-03-01,1957,3,1,60,4,Friday,1,9,1281,Winter
16.5408,1957-04-01,1957,4,1,91,0,Monday,2,14,81,Spring
16.2609,1957-05-01,1957,5,1,121,2,Wednesday,2,18,181,Spring
16.4645,1957-06-01,1957,6,1,152,5,Saturday,2,22,281,Spring
17.1261,1957-07-01,1957,7,1,182,0,Monday,3,27,381,Summer
17.6605,1957-08-01,1957,8,1,213,3,Thursday,3,31,481,Summer
17.406,1957-09-01,1957,9,1,244,6,Sunday,3,35,581,Summer
16.9225,1957-10-01,1957,10,1,274,1,Tuesday,4,40,681,Fall
16.9734,1957-11-01,1957,11,1,305,4,Friday,4,44,781,Fall
17.6096,1957-12-01,1957,12,1,335,6,Sunday,4,48,881,Fall
18.2203,1958-01-01,1958,1,1,1,2,Wednesday,1,1,1081,Winter
17.915,1958-02-01,1958,2,1,32,5,Saturday,1,5,1181,Winter
17.686,1958-03-01,1958,3,1,60,5,Saturday,1,9,1281,Winter
17.0752,1958-04-01,1958,4,1,91,1,Tuesday,2,14,81,Spring
16.7444,1958-05-01,1958,5,1,121,3,Thursday,2,18,181,Spring
17.177,1958-06-01,1958,6,1,152,6,Sunday,2,22,281,Spring
17.6605,1958-07-01,1958,7,1,182,1,Tuesday,3,27,381,Summer
18.373,1958-08-01,1958,8,1,213,4,Friday,3,31,481,Summer
18.4239,1958-09-01,1958,9,1,244,0,Monday,3,36,581,Summer
17.8641,1958-10-01,1958,10,1,274,2,Wednesday,4,40,681,Fall
17.7877,1958-11-01,1958,11,1,305,5,Saturday,4,44,781,Fall
18.7293,1958-12-01,1958,12,1,335,0,Monday,4,49,881,Fall
19.7218,1959-01-01,1959,1,1,1,3,Thursday,1,1,1081,Winter
19.3909,1959-02-01,1959,2,1,32,6,Sunday,1,5,1181,Winter
19.2891,1959-03-01,1959,3,1,60,6,Sunday,1,9,1281,Winter
18.8311,1959-04-01,1959,4,1,91,2,Wednesday,2,14,81,Spring
18.7039,1959-05-01,1959,5,1,121,4,Friday,2,18,181,Spring
19.2891,1959-06-01,1959,6,1,152,0,Monday,2,23,281,Spring
19.7981,1959-07-01,1959,7,1,182,2,Wednesday,3,27,381,Summer
20.2053,1959-08-01,1959,8,1,213,5,Saturday,3,31,481,Summer
20.4088,1959-09-01,1959,9,1,244,1,Tuesday,3,36,581,Summer
19.4927,1959-10-01,1959,10,1,274,3,Thursday,4,40,681,Fall
19.4418,1959-11-01,1959,11,1,305,6,Sunday,4,44,781,Fall
20.5615,1959-12-01,1959,12,1,335,1,Tuesday,4,49,881,Fall
21.4267,1960-01-01,1960,1,1,1,4,Friday,1,53,1081,Winter
21.1214,1960-02-01,1960,2,1,32,0,Monday,1,5,1181,Winter
21.2231,1960-03-01,1960,3,1,61,1,Tuesday,1,9,1281,Winter
20.5106,1960-04-01,1960,4,1,92,4,Friday,2,13,81,Spring
19.8999,1960-05-01,1960,5,1,122,6,Sunday,2,17,181,Spring
20.4088,1960-06-01,1960,6,1,153,2,Wednesday,2,22,281,Spring
20.9178,1960-07-01,1960,7,1,183,4,Friday,3,26,381,Summer
21.7321,1960-08-01,1960,8,1,214,0,Monday,3,31,481,Summer
21.7576,1960-09-01,1960,9,1,245,3,Thursday,3,35,581,Summer
20.7397,1960-10-01,1960,10,1,275,5,Saturday,4,39,681,Fall
20.5106,1960-11-01,1960,11,1,306,1,Tuesday,4,44,781,Fall
21.274,1960-12-01,1960,12,1,336,3,Thursday,4,48,881,Fall
22.2919,1961-01-01,1961,1,1,1,6,Sunday,1,52,1081,Winter
21.8339,1961-02-01,1961,2,1,32,2,Wednesday,1,5,1181,Winter
21.5285,1961-03-01,1961,3,1,60,2,Wednesday,1,9,1281,Winter
21.1723,1961-04-01,1961,4,1,91,5,Saturday,2,13,81,Spring
21.1723,1961-05-01,1961,5,1,121,0,Monday,2,18,181,Spring
21.6303,1961-06-01,1961,6,1,152,3,Thursday,2,22,281,Spring
22.1393,1961-07-01,1961,7,1,182,5,Saturday,3,26,381,Summer
23.1826,1961-08-01,1961,8,1,213,1,Tuesday,3,31,481,Summer
23.3098,1961-09-01,1961,9,1,244,4,Friday,3,35,581,Summer
22.3937,1961-10-01,1961,10,1,274,6,Sunday,4,39,681,Fall
22.0629,1961-11-01,1961,11,1,305,2,Wednesday,4,44,781,Fall
22.979,1961-12-01,1961,12,1,335,4,Friday,4,48,881,Fall
24.3532,1962-01-01,1962,1,1,1,0,Monday,1,1,1081,Winter
23.717,1962-02-01,1962,2,1,32,3,Thursday,1,5,1181,Winter
23.5643,1962-03-01,1962,3,1,60,3,Thursday,1,9,1281,Winter
22.6991,1962-04-01,1962,4,1,91,6,Sunday,2,13,81,Spring
22.5973,1962-05-01,1962,5,1,121,1,Tuesday,2,18,181,Spring
23.3607,1962-06-01,1962,6,1,152,4,Friday,2,22,281,Spring
24.0733,1962-07-01,1962,7,1,182,6,Sunday,3,26,381,Summer
24.7349,1962-08-01,1962,8,1,213,2,Wednesday,3,31,481,Summer
24.7349,1962-09-01,1962,9,1,244,5,Saturday,3,35,581,Summer
23.717,1962-10-01,1962,10,1,274,0,Monday,4,40,681,Fall
23.5643,1962-11-01,1962,11,1,305,3,Thursday,4,44,781,Fall
24.455,1962-12-01,1962,12,1,335,5,Saturday,4,48,881,Fall
25.88,1963-01-01,1963,1,1,1,1,Tuesday,1,1,1081,Winter
25.5747,1963-02-01,1963,2,1,32,4,Friday,1,5,1181,Winter
25.0912,1963-03-01,1963,3,1,60,4,Friday,1,9,1281,Winter
24.1496,1963-04-01,1963,4,1,91,0,Monday,2,14,81,Spring
24.1496,1963-05-01,1963,5,1,121,2,Wednesday,2,18,181,Spring
24.9385,1963-06-01,1963,6,1,152,5,Saturday,2,22,281,Spring
26.0582,1963-07-01,1963,7,1,182,0,Monday,3,27,381,Summer
26.8979,1963-08-01,1963,8,1,213,3,Thursday,3,31,481,Summer
26.5162,1963-09-01,1963,9,1,244,6,Sunday,3,35,581,Summer
25.1675,1963-10-01,1963,10,1,274,1,Tuesday,4,40,681,Fall
24.8621,1963-11-01,1963,11,1,305,4,Friday,4,44,781,Fall
26.0836,1963-12-01,1963,12,1,335,6,Sunday,4,48,881,Fall
27.7886,1964-01-01,1964,1,1,1,2,Wednesday,1,1,1081,Winter
26.9488,1964-02-01,1964,2,1,32,5,Saturday,1,5,1181,Winter
26.8725,1964-03-01,1964,3,1,61,6,Sunday,1,9,1281,Winter
26.4399,1964-04-01,1964,4,1,92,2,Wednesday,2,14,81,Spring
26.2363,1964-05-01,1964,5,1,122,4,Friday,2,18,181,Spring
27.1015,1964-06-01,1964,6,1,153,0,Monday,2,23,281,Spring
28.8319,1964-07-01,1964,7,1,183,2,Wednesday,3,27,381,Summer
29.6208,1964-08-01,1964,8,1,214,5,Saturday,3,31,481,Summer
28.9846,1964-09-01,1964,9,1,245,1,Tuesday,3,36,581,Summer
27.4832,1964-10-01,1964,10,1,275,3,Thursday,4,40,681,Fall
26.8725,1964-11-01,1964,11,1,306,6,Sunday,4,44,781,Fall
28.3739,1964-12-01,1964,12,1,336,1,Tuesday,4,49,881,Fall
29.4936,1965-01-01,1965,1,1,1,4,Friday,1,53,1081,Winter
28.8319,1965-02-01,1965,2,1,32,0,Monday,1,5,1181,Winter
28.8828,1965-03-01,1965,3,1,60,0,Monday,1,9,1281,Winter
28.2212,1965-04-01,1965,4,1,91,3,Thursday,2,13,81,Spring
27.7377,1965-05-01,1965,5,1,121,5,Saturday,2,17,181,Spring
28.7301,1965-06-01,1965,6,1,152,1,Tuesday,2,22,281,Spring
30.028,1965-07-01,1965,7,1,182,3,Thursday,3,26,381,Summer
31.0459,1965-08-01,1965,8,1,213,6,Sunday,3,30,481,Summer
30.8932,1965-09-01,1965,9,1,244,2,Wednesday,3,35,581,Summer
29.3918,1965-10-01,1965,10,1,274,4,Friday,4,39,681,Fall
28.6029,1965-11-01,1965,11,1,305,0,Monday,4,44,781,Fall
30.0534,1965-12-01,1965,12,1,335,2,Wednesday,4,48,881,Fall
31.2749,1966-01-01,1966,1,1,1,5,Saturday,1,52,1081,Winter
31.224,1966-02-01,1966,2,1,32,1,Tuesday,1,5,1181,Winter
30.7914,1966-03-01,1966,3,1,60,1,Tuesday,1,9,1281,Winter
29.8244,1966-04-01,1966,4,1,91,4,Friday,2,13,81,Spring
29.5954,1966-05-01,1966,5,1,121,6,Sunday,2,17,181,Spring
30.7405,1966-06-01,1966,6,1,152,2,Wednesday,2,22,281,Spring
33.3616,1966-07-01,1966,7,1,182,4,Friday,3,26,381,Summer
34.354,1966-08-01,1966,8,1,213,0,Monday,3,31,481,Summer
33.3361,1966-09-01,1966,9,1,244,3,Thursday,3,35,581,Summer
31.2494,1966-10-01,1966,10,1,274,5,Saturday,4,39,681,Fall
30.8423,1966-11-01,1966,11,1,305,1,Tuesday,4,44,781,Fall
32.2419,1966-12-01,1966,12,1,335,3,Thursday,4,48,881,Fall
34.0068,1967-01-01,1967,1,1,1,6,Sunday,1,52,1081,Winter
33.4397,1967-02-01,1967,2,1,32,2,Wednesday,1,5,1181,Winter
32.4026,1967-03-01,1967,3,1,60,2,Wednesday,1,9,1281,Winter
32.149,1967-04-01,1967,4,1,91,5,Saturday,2,13,81,Spring
31.0913,1967-05-01,1967,5,1,121,0,Monday,2,18,181,Spring
32.4511,1967-06-01,1967,6,1,152,3,Thursday,2,22,281,Spring
33.5218,1967-07-01,1967,7,1,182,5,Saturday,3,26,381,Summer
33.9042,1967-08-01,1967,8,1,213,1,Tuesday,3,31,481,Summer
32.8858,1967-09-01,1967,9,1,244,4,Friday,3,35,581,Summer
32.821,1967-10-01,1967,10,1,274,6,Sunday,4,39,681,Fall
33.3339,1967-11-01,1967,11,1,305,2,Wednesday,4,44,781,Fall
35.3366,1967-12-01,1967,12,1,335,4,Friday,4,48,881,Fall
36.6552,1968-01-01,1968,1,1,1,0,Monday,1,1,1081,Winter
35.7456,1968-02-01,1968,2,1,32,3,Thursday,1,5,1181,Winter
35.4564,1968-03-01,1968,3,1,61,4,Friday,1,9,1281,Winter
33.8324,1968-04-01,1968,4,1,92,0,Monday,2,14,81,Spring
33.4568,1968-05-01,1968,5,1,122,2,Wednesday,2,18,181,Spring
35.5845,1968-06-01,1968,6,1,153,5,Saturday,2,22,281,Spring
36.2277,1968-07-01,1968,7,1,183,0,Monday,3,27,381,Summer
37.5317,1968-08-01,1968,8,1,214,3,Thursday,3,31,481,Summer
36.7015,1968-09-01,1968,9,1,245,6,Sunday,3,35,581,Summer
34.9519,1968-10-01,1968,10,1,275,1,Tuesday,4,40,681,Fall
35.5812,1968-11-01,1968,11,1,306,4,Friday,4,44,781,Fall
38.1624,1968-12-01,1968,12,1,336,6,Sunday,4,48,881,Fall
39.5644,1969-01-01,1969,1,1,1,2,Wednesday,1,1,1081,Winter
39.1482,1969-02-01,1969,2,1,32,5,Saturday,1,5,1181,Winter
38.4261,1969-03-01,1969,3,1,60,5,Saturday,1,9,1281,Winter
36.599,1969-04-01,1969,4,1,91,1,Tuesday,2,14,81,Spring
35.8042,1969-05-01,1969,5,1,121,3,Thursday,2,18,181,Spring
38.3843,1969-06-01,1969,6,1,152,6,Sunday,2,22,281,Spring
40.2542,1969-07-01,1969,7,1,182,1,Tuesday,3,27,381,Summer
41.5975,1969-08-01,1969,8,1,213,4,Friday,3,31,481,Summer
39.7851,1969-09-01,1969,9,1,244,0,Monday,3,36,581,Summer
38.1573,1969-10-01,1969,10,1,274,2,Wednesday,4,40,681,Fall
39.185,1969-11-01,1969,11,1,305,5,Saturday,4,44,781,Fall
40.5863,1969-12-01,1969,12,1,335,0,Monday,4,49,881,Fall
42.4431,1970-01-01,1970,1,1,1,3,Thursday,1,1,1081,Winter
41.9218,1970-02-01,1970,2,1,32,6,Sunday,1,5,1181,Winter
40.9996,1970-03-01,1970,3,1,60,6,Sunday,1,9,1281,Winter
39.5976,1970-04-01,1970,4,1,91,2,Wednesday,2,14,81,Spring
39.3354,1970-05-01,1970,5,1,121,4,Friday,2,18,181,Spring
40.5693,1970-06-01,1970,6,1,152,0,Monday,2,23,281,Spring
42.5772,1970-07-01,1970,7,1,182,2,Wednesday,3,27,381,Summer
44.1442,1970-08-01,1970,8,1,213,5,Saturday,3,31,481,Summer
42.9492,1970-09-01,1970,9,1,244,1,Tuesday,3,36,581,Summer
39.9408,1970-10-01,1970,10,1,274,3,Thursday,4,40,681,Fall
40.3268,1970-11-01,1970,11,1,305,6,Sunday,4,44,781,Fall
41.4825,1970-12-01,1970,12,1,335,1,Tuesday,4,49,881,Fall
44.28,1971-01-01,1971,1,1,1,4,Friday,1,53,1081,Winter
43.7066,1971-02-01,1971,2,1,32,0,Monday,1,5,1181,Winter
42.1159,1971-03-01,1971,3,1,60,0,Monday,1,9,1281,Winter
40.8044,1971-04-01,1971,4,1,91,3,Thursday,2,13,81,Spring
40.2194,1971-05-01,1971,5,1,121,5,Saturday,2,17,181,Spring
42.8981,1971-06-01,1971,6,1,152,1,Tuesday,2,22,281,Spring
44.5124,1971-07-01,1971,7,1,182,3,Thursday,3,26,381,Summer
45.4201,1971-08-01,1971,8,1,213,6,Sunday,3,30,481,Summer
44.825,1971-09-01,1971,9,1,244,2,Wednesday,3,35,581,Summer
43.2929,1971-10-01,1971,10,1,274,4,Friday,4,39,681,Fall
43.3455,1971-11-01,1971,11,1,305,0,Monday,4,44,781,Fall
44.924,1971-12-01,1971,12,1,335,2,Wednesday,4,48,881,Fall
48.1095,1972-01-01,1972,1,1,1,5,Saturday,1,52,1081,Winter
49.2717,1972-02-01,1972,2,1,32,1,Tuesday,1,5,1181,Winter
47.1272,1972-03-01,1972,3,1,61,2,Wednesday,1,9,1281,Winter
43.8476,1972-04-01,1972,4,1,92,5,Saturday,2,13,81,Spring
41.477,1972-05-01,1972,5,1,122,0,Monday,2,18,181,Spring
43.1669,1972-06-01,1972,6,1,153,3,Thursday,2,22,281,Spring
44.7181,1972-07-01,1972,7,1,183,5,Saturday,3,26,381,Summer
47.2721,1972-08-01,1972,8,1,214,1,Tuesday,3,31,481,Summer
46.1295,1972-09-01,1972,9,1,245,4,Friday,3,35,581,Summer
44.0204,1972-10-01,1972,10,1,275,6,Sunday,4,39,681,Fall
46.4927,1972-11-01,1972,11,1,306,2,Wednesday,4,44,781,Fall
51.3964,1972-12-01,1972,12,1,336,4,Friday,4,48,881,Fall
55.0984,1973-01-01,1973,1,1,1,0,Monday,1,1,1081,Winter
53.1905,1973-02-01,1973,2,1,32,3,Thursday,1,5,1181,Winter
49.7554,1973-03-01,1973,3,1,60,3,Thursday,1,9,1281,Winter
46.1196,1973-04-01,1973,4,1,91,6,Sunday,2,13,81,Spring
44.2575,1973-05-01,1973,5,1,121,1,Tuesday,2,18,181,Spring
46.7498,1973-06-01,1973,6,1,152,4,Friday,2,22,281,Spring
48.5799,1973-07-01,1973,7,1,182,6,Sunday,3,26,381,Summer
50.3276,1973-08-01,1973,8,1,213,2,Wednesday,3,31,481,Summer
49.3343,1973-09-01,1973,9,1,244,5,Saturday,3,35,581,Summer
46.3759,1973-10-01,1973,10,1,274,0,Monday,4,40,681,Fall
47.1675,1973-11-01,1973,11,1,305,3,Thursday,4,44,781,Fall
49.0527,1973-12-01,1973,12,1,335,5,Saturday,4,48,881,Fall
53.0169,1974-01-01,1974,1,1,1,1,Tuesday,1,1,1081,Winter
50.8844,1974-02-01,1974,2,1,32,4,Friday,1,5,1181,Winter
49.0544,1974-03-01,1974,3,1,60,4,Friday,1,9,1281,Winter
46.1322,1974-04-01,1974,4,1,91,0,Monday,2,14,81,Spring
44.7375,1974-05-01,1974,5,1,121,2,Wednesday,2,18,181,Spring
46.4048,1974-06-01,1974,6,1,152,5,Saturday,2,22,281,Spring
49.9479,1974-07-01,1974,7,1,182,0,Monday,3,27,381,Summer
50.964,1974-08-01,1974,8,1,213,3,Thursday,3,31,481,Summer
47.9469,1974-09-01,1974,9,1,244,6,Sunday,3,35,581,Summer
46.4132,1974-10-01,1974,10,1,274,1,Tuesday,4,40,681,Fall
47.0381,1974-11-01,1974,11,1,305,4,Friday,4,44,781,Fall
52.1468,1974-12-01,1974,12,1,335,6,Sunday,4,48,881,Fall
54.8666,1975-01-01,1975,1,1,1,2,Wednesday,1,1,1081,Winter
53.5985,1975-02-01,1975,2,1,32,5,Saturday,1,5,1181,Winter
51.3604,1975-03-01,1975,3,1,60,5,Saturday,1,9,1281,Winter
48.5997,1975-04-01,1975,4,1,91,1,Tuesday,2,14,81,Spring
45.4177,1975-05-01,1975,5,1,121,3,Thursday,2,18,181,Spring
46.669,1975-06-01,1975,6,1,152,6,Sunday,2,22,281,Spring
49.7701,1975-07-01,1975,7,1,182,1,Tuesday,3,27,381,Summer
51.4777,1975-08-01,1975,8,1,213,4,Friday,3,31,481,Summer
48.6934,1975-09-01,1975,9,1,244,0,Monday,3,36,581,Summer
46.0491,1975-10-01,1975,10,1,274,2,Wednesday,4,40,681,Fall
47.0839,1975-11-01,1975,11,1,305,5,Saturday,4,44,781,Fall
53.5982,1975-12-01,1975,12,1,335,0,Monday,4,49,881,Fall
59.7064,1976-01-01,1976,1,1,1,3,Thursday,1,1,1081,Winter
56.083,1976-02-01,1976,2,1,32,6,Sunday,1,5,1181,Winter
52.128,1976-03-01,1976,3,1,61,0,Monday,1,10,1281,Winter
47.9905,1976-04-01,1976,4,1,92,3,Thursday,2,14,81,Spring
45.9836,1976-05-01,1976,5,1,122,5,Saturday,2,18,181,Spring
48.5127,1976-06-01,1976,6,1,153,1,Tuesday,2,23,281,Spring
51.2447,1976-07-01,1976,7,1,183,3,Thursday,3,27,381,Summer
52.5815,1976-08-01,1976,8,1,214,6,Sunday,3,31,481,Summer
50.3378,1976-09-01,1976,9,1,245,2,Wednesday,3,36,581,Summer
48.4031,1976-10-01,1976,10,1,275,4,Friday,4,40,681,Fall
52.4621,1976-11-01,1976,11,1,306,0,Monday,4,45,781,Fall
59.9119,1976-12-01,1976,12,1,336,2,Wednesday,4,49,881,Fall
65.1187,1977-01-01,1977,1,1,1,5,Saturday,1,53,1081,Winter
60.4386,1977-02-01,1977,2,1,32,1,Tuesday,1,5,1181,Winter
54.1659,1977-03-01,1977,3,1,60,1,Tuesday,1,9,1281,Winter
49.7567,1977-04-01,1977,4,1,91,4,Friday,2,13,81,Spring
48.5794,1977-05-01,1977,5,1,121,6,Sunday,2,17,181,Spring
51.533,1977-06-01,1977,6,1,152,2,Wednesday,2,22,281,Spring
54.9269,1977-07-01,1977,7,1,182,4,Friday,3,26,381,Summer
55.0933,1977-08-01,1977,8,1,213,0,Monday,3,31,481,Summer
52.4302,1977-09-01,1977,9,1,244,3,Thursday,3,35,581,Summer
49.9841,1977-10-01,1977,10,1,274,5,Saturday,4,39,681,Fall
51.1228,1977-11-01,1977,11,1,305,1,Tuesday,4,44,781,Fall
58.6939,1977-12-01,1977,12,1,335,3,Thursday,4,48,881,Fall
64.4898,1978-01-01,1978,1,1,1,6,Sunday,1,52,1081,Winter
63.4999,1978-02-01,1978,2,1,32,2,Wednesday,1,5,1181,Winter
57.8546,1978-03-01,1978,3,1,60,2,Wednesday,1,9,1281,Winter
50.6454,1978-04-01,1978,4,1,91,5,Saturday,2,13,81,Spring
49.2442,1978-05-01,1978,5,1,121,0,Monday,2,18,181,Spring
52.4033,1978-06-01,1978,6,1,152,3,Thursday,2,22,281,Spring
54.6861,1978-07-01,1978,7,1,182,5,Saturday,3,26,381,Summer
56.6538,1978-08-01,1978,8,1,213,1,Tuesday,3,31,481,Summer
54.2367,1978-09-01,1978,9,1,244,4,Friday,3,35,581,Summer
51.4193,1978-10-01,1978,10,1,274,6,Sunday,4,39,681,Fall
53.2464,1978-11-01,1978,11,1,305,2,Wednesday,4,44,781,Fall
59.8497,1978-12-01,1978,12,1,335,4,Friday,4,48,881,Fall
67.6809,1979-01-01,1979,1,1,1,0,Monday,1,1,1081,Winter
67.1033,1979-02-01,1979,2,1,32,3,Thursday,1,5,1181,Winter
60.4569,1979-03-01,1979,3,1,60,3,Thursday,1,9,1281,Winter
54.4463,1979-04-01,1979,4,1,91,6,Sunday,2,13,81,Spring
50.6367,1979-05-01,1979,5,1,121,1,Tuesday,2,18,181,Spring
52.4517,1979-06-01,1979,6,1,152,4,Friday,2,22,281,Spring
54.6133,1979-07-01,1979,7,1,182,6,Sunday,3,26,381,Summer
56.7862,1979-08-01,1979,8,1,213,2,Wednesday,3,31,481,Summer
53.4218,1979-09-01,1979,9,1,244,5,Saturday,3,35,581,Summer
51.9675,1979-10-01,1979,10,1,274,0,Monday,4,40,681,Fall
53.8291,1979-11-01,1979,11,1,305,3,Thursday,4,44,781,Fall
59.1896,1979-12-01,1979,12,1,335,5,Saturday,4,48,881,Fall
64.4041,1980-01-01,1980,1,1,1,1,Tuesday,1,1,1081,Winter
63.8043,1980-02-01,1980,2,1,32,4,Friday,1,5,1181,Winter
59.971,1980-03-01,1980,3,1,61,5,Saturday,1,9,1281,Winter
52.3178,1980-04-01,1980,4,1,92,1,Tuesday,2,14,81,Spring
49.0551,1980-05-01,1980,5,1,122,3,Thursday,2,18,181,Spring
51.6434,1980-06-01,1980,6,1,153,6,Sunday,2,22,281,Spring
57.6509,1980-07-01,1980,7,1,183,1,Tuesday,3,27,381,Summer
59.5078,1980-08-01,1980,8,1,214,4,Friday,3,31,481,Summer
56.8752,1980-09-01,1980,9,1,245,0,Monday,3,36,581,Summer
53.9454,1980-10-01,1980,10,1,275,2,Wednesday,4,40,681,Fall
55.6179,1980-11-01,1980,11,1,306,5,Saturday,4,44,781,Fall
62.4933,1980-12-01,1980,12,1,336,0,Monday,4,49,881,Fall
68.2364,1981-01-01,1981,1,1,1,3,Thursday,1,1,1081,Winter
62.6833,1981-02-01,1981,2,1,32,6,Sunday,1,5,1181,Winter
59.2046,1981-03-01,1981,3,1,60,6,Sunday,1,9,1281,Winter
53.3356,1981-04-01,1981,4,1,91,2,Wednesday,2,14,81,Spring
51.4677,1981-05-01,1981,5,1,121,4,Friday,2,18,181,Spring
55.6474,1981-06-01,1981,6,1,152,0,Monday,2,23,281,Spring
59.7162,1981-07-01,1981,7,1,182,2,Wednesday,3,27,381,Summer
59.7444,1981-08-01,1981,8,1,213,5,Saturday,3,31,481,Summer
55.5306,1981-09-01,1981,9,1,244,1,Tuesday,3,36,581,Summer
53.867,1981-10-01,1981,10,1,274,3,Thursday,4,40,681,Fall
54.8922,1981-11-01,1981,11,1,305,6,Sunday,4,44,781,Fall
62.4867,1981-12-01,1981,12,1,335,1,Tuesday,4,49,881,Fall
69.6167,1982-01-01,1982,1,1,1,4,Friday,1,53,1081,Winter
63.3124,1982-02-01,1982,2,1,32,0,Monday,1,5,1181,Winter
58.8828,1982-03-01,1982,3,1,60,0,Monday,1,9,1281,Winter
53.3005,1982-04-01,1982,4,1,91,3,Thursday,2,13,81,Spring
49.1127,1982-05-01,1982,5,1,121,5,Saturday,2,17,181,Spring
51.919,1982-06-01,1982,6,1,152,1,Tuesday,2,22,281,Spring
55.7973,1982-07-01,1982,7,1,182,3,Thursday,3,26,381,Summer
56.3378,1982-08-01,1982,8,1,213,6,Sunday,3,30,481,Summer
53.1931,1982-09-01,1982,9,1,244,2,Wednesday,3,35,581,Summer
50.9296,1982-10-01,1982,10,1,274,4,Friday,4,39,681,Fall
53.2577,1982-11-01,1982,11,1,305,0,Monday,4,44,781,Fall
57.8883,1982-12-01,1982,12,1,335,2,Wednesday,4,48,881,Fall
64.9772,1983-01-01,1983,1,1,1,5,Saturday,1,52,1081,Winter
58.278,1983-02-01,1983,2,1,32,1,Tuesday,1,5,1181,Winter
56.4576,1983-03-01,1983,3,1,60,1,Tuesday,1,9,1281,Winter
52.1802,1983-04-01,1983,4,1,91,4,Friday,2,13,81,Spring
48.436,1983-05-01,1983,5,1,121,6,Sunday,2,17,181,Spring
50.9377,1983-06-01,1983,6,1,152,2,Wednesday,2,22,281,Spring
57.0658,1983-07-01,1983,7,1,182,4,Friday,3,26,381,Summer
60.6677,1983-08-01,1983,8,1,213,0,Monday,3,31,481,Summer
56.944,1983-09-01,1983,9,1,244,3,Thursday,3,35,581,Summer
52.9718,1983-10-01,1983,10,1,274,5,Saturday,4,39,681,Fall
54.9642,1983-11-01,1983,11,1,305,1,Tuesday,4,44,781,Fall
64.6495,1983-12-01,1983,12,1,335,3,Thursday,4,48,881,Fall
72.174,1984-01-01,1984,1,1,1,6,Sunday,1,52,1081,Winter
65.2645,1984-02-01,1984,2,1,32,2,Wednesday,1,5,1181,Winter
62.3346,1984-03-01,1984,3,1,61,3,Thursday,1,9,1281,Winter
56.5917,1984-04-01,1984,4,1,92,6,Sunday,2,13,81,Spring
54.3258,1984-05-01,1984,5,1,122,1,Tuesday,2,18,181,Spring
57.0618,1984-06-01,1984,6,1,153,4,Friday,2,22,281,Spring
59.7708,1984-07-01,1984,7,1,183,6,Sunday,3,26,381,Summer
61.4278,1984-08-01,1984,8,1,214,2,Wednesday,3,31,481,Summer
57.2148,1984-09-01,1984,9,1,245,5,Saturday,3,35,581,Summer
53.9036,1984-10-01,1984,10,1,275,0,Monday,4,40,681,Fall
56.3131,1984-11-01,1984,11,1,306,3,Thursday,4,44,781,Fall
62.4026,1984-12-01,1984,12,1,336,5,Saturday,4,48,881,Fall
71.5943,1985-01-01,1985,1,1,1,1,Tuesday,1,1,1081,Winter
69.7893,1985-02-01,1985,2,1,32,4,Friday,1,5,1181,Winter
61.6809,1985-03-01,1985,3,1,60,4,Friday,1,9,1281,Winter
56.7497,1985-04-01,1985,4,1,91,0,Monday,2,14,81,Spring
54.6182,1985-05-01,1985,5,1,121,2,Wednesday,2,18,181,Spring
57.3528,1985-06-01,1985,6,1,152,5,Saturday,2,22,281,Spring
61.8214,1985-07-01,1985,7,1,182,0,Monday,3,27,381,Summer
62.4449,1985-08-01,1985,8,1,213,3,Thursday,3,31,481,Summer
59.843,1985-09-01,1985,9,1,244,6,Sunday,3,35,581,Summer
55.6117,1985-10-01,1985,10,1,274,1,Tuesday,4,40,681,Fall
57.2698,1985-11-01,1985,11,1,305,4,Friday,4,44,781,Fall
67.8466,1985-12-01,1985,12,1,335,6,Sunday,4,48,881,Fall
72.3975,1986-01-01,1986,1,1,1,2,Wednesday,1,1,1081,Winter
67.1452,1986-02-01,1986,2,1,32,5,Saturday,1,5,1181,Winter
61.46,1986-03-01,1986,3,1,60,5,Saturday,1,9,1281,Winter
56.3369,1986-04-01,1986,4,1,91,1,Tuesday,2,14,81,Spring
55.1238,1986-05-01,1986,5,1,121,3,Thursday,2,18,181,Spring
59.1365,1986-06-01,1986,6,1,152,6,Sunday,2,22,281,Spring
64.9229,1986-07-01,1986,7,1,182,1,Tuesday,3,27,381,Summer
63.679,1986-08-01,1986,8,1,213,4,Friday,3,31,481,Summer
60.2601,1986-09-01,1986,9,1,244,0,Monday,3,36,581,Summer
56.8356,1986-10-01,1986,10,1,274,2,Wednesday,4,40,681,Fall
58.6074,1986-11-01,1986,11,1,305,5,Saturday,4,44,781,Fall
67.3092,1986-12-01,1986,12,1,335,0,Monday,4,49,881,Fall
72.9113,1987-01-01,1987,1,1,1,3,Thursday,1,1,1081,Winter
69.2043,1987-02-01,1987,2,1,32,6,Sunday,1,5,1181,Winter
64.8135,1987-03-01,1987,3,1,60,6,Sunday,1,9,1281,Winter
59.4215,1987-04-01,1987,4,1,91,2,Wednesday,2,14,81,Spring
58.1425,1987-05-01,1987,5,1,121,4,Friday,2,18,181,Spring
63.0777,1987-06-01,1987,6,1,152,0,Monday,2,23,281,Spring
67.9967,1987-07-01,1987,7,1,182,2,Wednesday,3,27,381,Summer
69.1874,1987-08-01,1987,8,1,213,5,Saturday,3,31,481,Summer
63.3379,1987-09-01,1987,9,1,244,1,Tuesday,3,36,581,Summer
59.6356,1987-10-01,1987,10,1,274,3,Thursday,4,40,681,Fall
61.6862,1987-11-01,1987,11,1,305,6,Sunday,4,44,781,Fall
69.7097,1987-12-01,1987,12,1,335,1,Tuesday,4,49,881,Fall
78.8866,1988-01-01,1988,1,1,1,4,Friday,1,53,1081,Winter
75.222,1988-02-01,1988,2,1,32,0,Monday,1,5,1181,Winter
69.4421,1988-03-01,1988,3,1,61,1,Tuesday,1,9,1281,Winter
62.4767,1988-04-01,1988,4,1,92,4,Friday,2,13,81,Spring
60.6575,1988-05-01,1988,5,1,122,6,Sunday,2,17,181,Spring
66.2688,1988-06-01,1988,6,1,153,2,Wednesday,2,22,281,Spring
72.0743,1988-07-01,1988,7,1,183,4,Friday,3,26,381,Summer
74.8131,1988-08-01,1988,8,1,214,0,Monday,3,31,481,Summer
66.7103,1988-09-01,1988,9,1,245,3,Thursday,3,35,581,Summer
62.511,1988-10-01,1988,10,1,275,5,Saturday,4,39,681,Fall
64.2953,1988-11-01,1988,11,1,306,1,Tuesday,4,44,781,Fall
72.9427,1988-12-01,1988,12,1,336,3,Thursday,4,48,881,Fall
76.9693,1989-01-01,1989,1,1,1,6,Sunday,1,52,1081,Winter
75.7016,1989-02-01,1989,2,1,32,2,Wednesday,1,5,1181,Winter
72.4389,1989-03-01,1989,3,1,60,2,Wednesday,1,9,1281,Winter
64.2923,1989-04-01,1989,4,1,91,5,Saturday,2,13,81,Spring
62.9075,1989-05-01,1989,5,1,121,0,Monday,2,18,181,Spring
67.6328,1989-06-01,1989,6,1,152,3,Thursday,2,22,281,Spring
73.1397,1989-07-01,1989,7,1,182,5,Saturday,3,26,381,Summer
74.1457,1989-08-01,1989,8,1,213,1,Tuesday,3,31,481,Summer
68.472,1989-09-01,1989,9,1,244,4,Friday,3,35,581,Summer
65.0749,1989-10-01,1989,10,1,274,6,Sunday,4,39,681,Fall
68.2207,1989-11-01,1989,11,1,305,2,Wednesday,4,44,781,Fall
83.1429,1989-12-01,1989,12,1,335,4,Friday,4,48,881,Fall
83.3799,1990-01-01,1990,1,1,1,0,Monday,1,1,1081,Winter
76.2653,1990-02-01,1990,2,1,32,3,Thursday,1,5,1181,Winter
72.3234,1990-03-01,1990,3,1,60,3,Thursday,1,9,1281,Winter
66.4556,1990-04-01,1990,4,1,91,6,Sunday,2,13,81,Spring
65.0281,1990-05-01,1990,5,1,121,1,Tuesday,2,18,181,Spring
70.5829,1990-06-01,1990,6,1,152,4,Friday,2,22,281,Spring
75.6895,1990-07-01,1990,7,1,182,6,Sunday,3,26,381,Summer
76.171,1990-08-01,1990,8,1,213,2,Wednesday,3,31,481,Summer
72.1821,1990-09-01,1990,9,1,244,5,Saturday,3,35,581,Summer
66.6133,1990-10-01,1990,10,1,274,0,Monday,4,40,681,Fall
67.74,1990-11-01,1990,11,1,305,3,Thursday,4,44,781,Fall
76.7537,1990-12-01,1990,12,1,335,5,Saturday,4,48,881,Fall
85.002,1991-01-01,1991,1,1,1,1,Tuesday,1,1,1081,Winter
76.6402,1991-02-01,1991,2,1,32,4,Friday,1,5,1181,Winter
72.5062,1991-03-01,1991,3,1,60,4,Friday,1,9,1281,Winter
66.3484,1991-04-01,1991,4,1,91,0,Monday,2,14,81,Spring
67.9915,1991-05-01,1991,5,1,121,2,Wednesday,2,18,181,Spring
73.962,1991-06-01,1991,6,1,152,5,Saturday,2,22,281,Spring
79.1482,1991-07-01,1991,7,1,182,0,Monday,3,27,381,Summer
78.2187,1991-08-01,1991,8,1,213,3,Thursday,3,31,481,Summer
72.7097,1991-09-01,1991,9,1,244,6,Sunday,3,35,581,Summer
67.9269,1991-10-01,1991,10,1,274,1,Tuesday,4,40,681,Fall
71.6291,1991-11-01,1991,11,1,305,4,Friday,4,44,781,Fall
78.5476,1991-12-01,1991,12,1,335,6,Sunday,4,48,881,Fall
84.2776,1992-01-01,1992,1,1,1,2,Wednesday,1,1,1081,Winter
79.2162,1992-02-01,1992,2,1,32,5,Saturday,1,5,1181,Winter
73.6222,1992-03-01,1992,3,1,61,6,Sunday,1,9,1281,Winter
68.7932,1992-04-01,1992,4,1,92,2,Wednesday,2,14,81,Spring
66.3713,1992-05-01,1992,5,1,122,4,Friday,2,18,181,Spring
70.3526,1992-06-01,1992,6,1,153,0,Monday,2,23,281,Spring
76.5649,1992-07-01,1992,7,1,183,2,Wednesday,3,27,381,Summer
75.6319,1992-08-01,1992,8,1,214,5,Saturday,3,31,481,Summer
71.4838,1992-09-01,1992,9,1,245,1,Tuesday,3,36,581,Summer
68.2018,1992-10-01,1992,10,1,275,3,Thursday,4,40,681,Fall
72.616,1992-11-01,1992,11,1,306,6,Sunday,4,44,781,Fall
83.5149,1992-12-01,1992,12,1,336,1,Tuesday,4,49,881,Fall
86.9103,1993-01-01,1993,1,1,1,4,Friday,1,53,1081,Winter
83.5249,1993-02-01,1993,2,1,32,0,Monday,1,5,1181,Winter
78.4978,1993-03-01,1993,3,1,60,0,Monday,1,9,1281,Winter
70.2081,1993-04-01,1993,4,1,91,3,Thursday,2,13,81,Spring
66.8964,1993-05-01,1993,5,1,121,5,Saturday,2,17,181,Spring
73.4364,1993-06-01,1993,6,1,152,1,Tuesday,2,22,281,Spring
81.1063,1993-07-01,1993,7,1,182,3,Thursday,3,26,381,Summer
81.061,1993-08-01,1993,8,1,213,6,Sunday,3,30,481,Summer
73.7141,1993-09-01,1993,9,1,244,2,Wednesday,3,35,581,Summer
68.8317,1993-10-01,1993,10,1,274,4,Friday,4,39,681,Fall
73.5127,1993-11-01,1993,11,1,305,0,Monday,4,44,781,Fall
83.2048,1993-12-01,1993,12,1,335,2,Wednesday,4,48,881,Fall
92.9911,1994-01-01,1994,1,1,1,5,Saturday,1,52,1081,Winter
86.0992,1994-02-01,1994,2,1,32,1,Tuesday,1,5,1181,Winter
78.2876,1994-03-01,1994,3,1,60,1,Tuesday,1,9,1281,Winter
70.1181,1994-04-01,1994,4,1,91,4,Friday,2,13,81,Spring
68.5535,1994-05-01,1994,5,1,121,6,Sunday,2,17,181,Spring
77.0304,1994-06-01,1994,6,1,152,2,Wednesday,2,22,281,Spring
82.2806,1994-07-01,1994,7,1,182,4,Friday,3,26,381,Summer
80.9048,1994-08-01,1994,8,1,213,0,Monday,3,31,481,Summer
74.7837,1994-09-01,1994,9,1,244,3,Thursday,3,35,581,Summer
70.4121,1994-10-01,1994,10,1,274,5,Saturday,4,39,681,Fall
74.3476,1994-11-01,1994,11,1,305,1,Tuesday,4,44,781,Fall
83.8059,1994-12-01,1994,12,1,335,3,Thursday,4,48,881,Fall
91.3554,1995-01-01,1995,1,1,1,6,Sunday,1,52,1081,Winter
86.3571,1995-02-01,1995,2,1,32,2,Wednesday,1,5,1181,Winter
80.3024,1995-03-01,1995,3,1,60,2,Wednesday,1,9,1281,Winter
72.9393,1995-04-01,1995,4,1,91,5,Saturday,2,13,81,Spring
72.4021,1995-05-01,1995,5,1,121,0,Monday,2,18,181,Spring
77.3766,1995-06-01,1995,6,1,152,3,Thursday,2,22,281,Spring
84.9538,1995-07-01,1995,7,1,182,5,Saturday,3,26,381,Summer
88.4644,1995-08-01,1995,8,1,213,1,Tuesday,3,31,481,Summer
77.5676,1995-09-01,1995,9,1,244,4,Friday,3,35,581,Summer
72.8306,1995-10-01,1995,10,1,274,6,Sunday,4,39,681,Fall
78.6965,1995-11-01,1995,11,1,305,2,Wednesday,4,44,781,Fall
89.7321,1995-12-01,1995,12,1,335,4,Friday,4,48,881,Fall
97.7855,1996-01-01,1996,1,1,1,0,Monday,1,1,1081,Winter
91.777,1996-02-01,1996,2,1,32,3,Thursday,1,5,1181,Winter
85.9044,1996-03-01,1996,3,1,61,4,Friday,1,9,1281,Winter
76.3139,1996-04-01,1996,4,1,92,0,Monday,2,14,81,Spring
75.7842,1996-05-01,1996,5,1,122,2,Wednesday,2,18,181,Spring
80.9677,1996-06-01,1996,6,1,153,5,Saturday,2,22,281,Spring
84.9436,1996-07-01,1996,7,1,183,0,Monday,3,27,381,Summer
85.5267,1996-08-01,1996,8,1,214,3,Thursday,3,31,481,Summer
78.2555,1996-09-01,1996,9,1,245,6,Sunday,3,35,581,Summer
73.7917,1996-10-01,1996,10,1,275,1,Tuesday,4,40,681,Fall
80.0852,1996-11-01,1996,11,1,306,4,Friday,4,44,781,Fall
89.3969,1996-12-01,1996,12,1,336,6,Sunday,4,48,881,Fall
97.2727,1997-01-01,1997,1,1,1,2,Wednesday,1,1,1081,Winter
88.703,1997-02-01,1997,2,1,32,5,Saturday,1,5,1181,Winter
82.023,1997-03-01,1997,3,1,60,5,Saturday,1,9,1281,Winter
75.238,1997-04-01,1997,4,1,91,1,Tuesday,2,14,81,Spring
72.9708,1997-05-01,1997,5,1,121,3,Thursday,2,18,181,Spring
78.8182,1997-06-01,1997,6,1,152,6,Sunday,2,22,281,Spring
87.3912,1997-07-01,1997,7,1,182,1,Tuesday,3,27,381,Summer
86.7331,1997-08-01,1997,8,1,213,4,Friday,3,31,481,Summer
80.9522,1997-09-01,1997,9,1,244,0,Monday,3,36,581,Summer
76.5652,1997-10-01,1997,10,1,274,2,Wednesday,4,40,681,Fall
81.0508,1997-11-01,1997,11,1,305,5,Saturday,4,44,781,Fall
90.9822,1997-12-01,1997,12,1,335,0,Monday,4,49,881,Fall
93.6496,1998-01-01,1998,1,1,1,3,Thursday,1,1,1081,Winter
86.7676,1998-02-01,1998,2,1,32,6,Sunday,1,5,1181,Winter
85.5153,1998-03-01,1998,3,1,60,6,Sunday,1,9,1281,Winter
75.8325,1998-04-01,1998,4,1,91,2,Wednesday,2,14,81,Spring
77.0958,1998-05-01,1998,5,1,121,4,Friday,2,18,181,Spring
85.4167,1998-06-01,1998,6,1,152,0,Monday,2,23,281,Spring
92.7016,1998-07-01,1998,7,1,182,2,Wednesday,3,27,381,Summer
92.3939,1998-08-01,1998,8,1,213,5,Saturday,3,31,481,Summer
86.4797,1998-09-01,1998,9,1,244,1,Tuesday,3,36,581,Summer
79.1293,1998-10-01,1998,10,1,274,3,Thursday,4,40,681,Fall
80.4538,1998-11-01,1998,11,1,305,6,Sunday,4,44,781,Fall
90.5811,1998-12-01,1998,12,1,335,1,Tuesday,4,49,881,Fall
100.9159,1999-01-01,1999,1,1,1,4,Friday,1,53,1081,Winter
90.1004,1999-02-01,1999,2,1,32,0,Monday,1,5,1181,Winter
89.6636,1999-03-01,1999,3,1,60,0,Monday,1,9,1281,Winter
79.5431,1999-04-01,1999,4,1,91,3,Thursday,2,13,81,Spring
78.4474,1999-05-01,1999,5,1,121,5,Saturday,2,17,181,Spring
86.8037,1999-06-01,1999,6,1,152,1,Tuesday,2,22,281,Spring
96.3147,1999-07-01,1999,7,1,182,3,Thursday,3,26,381,Summer
95.2565,1999-08-01,1999,8,1,213,6,Sunday,3,30,481,Summer
86.1813,1999-09-01,1999,9,1,244,2,Wednesday,3,35,581,Summer
79.6564,1999-10-01,1999,10,1,274,4,Friday,4,39,681,Fall
81.2076,1999-11-01,1999,11,1,305,0,Monday,4,44,781,Fall
93.3584,1999-12-01,1999,12,1,335,2,Wednesday,4,48,881,Fall
100.9655,2000-01-01,2000,1,1,1,5,Saturday,1,52,1081,Winter
93.1095,2000-02-01,2000,2,1,32,1,Tuesday,1,5,1181,Winter
87.0262,2000-03-01,2000,3,1,61,2,Wednesday,1,9,1281,Winter
80.4459,2000-04-01,2000,4,1,92,5,Saturday,2,13,81,Spring
83.4576,2000-05-01,2000,5,1,122,0,Monday,2,18,181,Spring
89.9646,2000-06-01,2000,6,1,153,3,Thursday,2,22,281,Spring
94.8622,2000-07-01,2000,7,1,183,5,Saturday,3,26,381,Summer
98.1841,2000-08-01,2000,8,1,214,1,Tuesday,3,31,481,Summer
89.5925,2000-09-01,2000,9,1,245,4,Friday,3,35,581,Summer
82.1321,2000-10-01,2000,10,1,275,6,Sunday,4,39,681,Fall
86.9273,2000-11-01,2000,11,1,306,2,Wednesday,4,44,781,Fall
101.1556,2000-12-01,2000,12,1,336,4,Friday,4,48,881,Fall
107.7077,2001-01-01,2001,1,1,1,0,Monday,1,1,1081,Winter
95.94,2001-02-01,2001,2,1,32,3,Thursday,1,5,1181,Winter
91.666,2001-03-01,2001,3,1,60,3,Thursday,1,9,1281,Winter
81.891,2001-04-01,2001,4,1,91,6,Sunday,2,13,81,Spring
81.5458,2001-05-01,2001,5,1,121,1,Tuesday,2,18,181,Spring
89.3101,2001-06-01,2001,6,1,152,4,Friday,2,22,281,Spring
94.8889,2001-07-01,2001,7,1,182,6,Sunday,3,26,381,Summer
98.3217,2001-08-01,2001,8,1,213,2,Wednesday,3,31,481,Summer
87.191,2001-09-01,2001,9,1,244,5,Saturday,3,35,581,Summer
81.6619,2001-10-01,2001,10,1,274,0,Monday,4,40,681,Fall
81.9037,2001-11-01,2001,11,1,305,3,Thursday,4,44,781,Fall
91.8858,2001-12-01,2001,12,1,335,5,Saturday,4,48,881,Fall
101.7175,2002-01-01,2002,1,1,1,1,Tuesday,1,1,1081,Winter
94.0329,2002-02-01,2002,2,1,32,4,Friday,1,5,1181,Winter
92.1127,2002-03-01,2002,3,1,60,4,Friday,1,9,1281,Winter
84.7659,2002-04-01,2002,4,1,91,0,Monday,2,14,81,Spring
84.2267,2002-05-01,2002,5,1,121,2,Wednesday,2,18,181,Spring
92.0888,2002-06-01,2002,6,1,152,5,Saturday,2,22,281,Spring
101.1591,2002-07-01,2002,7,1,182,0,Monday,3,27,381,Summer
100.3893,2002-08-01,2002,8,1,213,3,Thursday,3,31,481,Summer
92.1628,2002-09-01,2002,9,1,244,6,Sunday,3,35,581,Summer
85.8274,2002-10-01,2002,10,1,274,1,Tuesday,4,40,681,Fall
87.4777,2002-11-01,2002,11,1,305,4,Friday,4,44,781,Fall
99.534,2002-12-01,2002,12,1,335,6,Sunday,4,48,881,Fall
108.7791,2003-01-01,2003,1,1,1,2,Wednesday,1,1,1081,Winter
102.5276,2003-02-01,2003,2,1,32,5,Saturday,1,5,1181,Winter
93.3849,2003-03-01,2003,3,1,60,5,Saturday,1,9,1281,Winter
84.0376,2003-04-01,2003,4,1,91,1,Tuesday,2,14,81,Spring
84.4607,2003-05-01,2003,5,1,121,3,Thursday,2,18,181,Spring
90.0042,2003-06-01,2003,6,1,152,6,Sunday,2,22,281,Spring
100.9924,2003-07-01,2003,7,1,182,1,Tuesday,3,27,381,Summer
103.206,2003-08-01,2003,8,1,213,4,Friday,3,31,481,Summer
91.7917,2003-09-01,2003,9,1,244,0,Monday,3,36,581,Summer
85.4571,2003-10-01,2003,10,1,274,2,Wednesday,4,40,681,Fall
87.5007,2003-11-01,2003,11,1,305,5,Saturday,4,44,781,Fall
102.2649,2003-12-01,2003,12,1,335,0,Monday,4,49,881,Fall
112.2926,2004-01-01,2004,1,1,1,3,Thursday,1,1,1081,Winter
104.8474,2004-02-01,2004,2,1,32,6,Sunday,1,5,1181,Winter
94.2332,2004-03-01,2004,3,1,61,0,Monday,1,10,1281,Winter
85.6852,2004-04-01,2004,4,1,92,3,Thursday,2,14,81,Spring
87.9893,2004-05-01,2004,5,1,122,5,Saturday,2,18,181,Spring
94.3788,2004-06-01,2004,6,1,153,1,Tuesday,2,23,281,Spring
100.5751,2004-07-01,2004,7,1,183,3,Thursday,3,27,381,Summer
98.9975,2004-08-01,2004,8,1,214,6,Sunday,3,31,481,Summer
92.8908,2004-09-01,2004,9,1,245,2,Wednesday,3,36,581,Summer
86.4617,2004-10-01,2004,10,1,275,4,Friday,4,40,681,Fall
88.4874,2004-11-01,2004,11,1,306,0,Monday,4,45,781,Fall
104.3951,2004-12-01,2004,12,1,336,2,Wednesday,4,49,881,Fall
109.7843,2005-01-01,2005,1,1,1,5,Saturday,1,53,1081,Winter
100.4265,2005-02-01,2005,2,1,32,1,Tuesday,1,5,1181,Winter
97.7496,2005-03-01,2005,3,1,60,1,Tuesday,1,9,1281,Winter
85.3841,2005-04-01,2005,4,1,91,4,Friday,2,13,81,Spring
86.0728,2005-05-01,2005,5,1,121,6,Sunday,2,17,181,Spring
98.2479,2005-06-01,2005,6,1,152,2,Wednesday,2,22,281,Spring
107.1747,2005-07-01,2005,7,1,182,4,Friday,3,26,381,Summer
108.3466,2005-08-01,2005,8,1,213,0,Monday,3,31,481,Summer
98.0687,2005-09-01,2005,9,1,244,3,Thursday,3,35,581,Summer
88.8222,2005-10-01,2005,10,1,274,5,Saturday,4,39,681,Fall
89.2755,2005-11-01,2005,11,1,305,1,Tuesday,4,44,781,Fall
106.8766,2005-12-01,2005,12,1,335,3,Thursday,4,48,881,Fall
103.2467,2006-01-01,2006,1,1,1,6,Sunday,1,52,1081,Winter
100.1125,2006-02-01,2006,2,1,32,2,Wednesday,1,5,1181,Winter
97.2186,2006-03-01,2006,3,1,60,2,Wednesday,1,9,1281,Winter
86.3931,2006-04-01,2006,4,1,91,5,Saturday,2,13,81,Spring
88.8905,2006-05-01,2006,5,1,121,0,Monday,2,18,181,Spring
99.2777,2006-06-01,2006,6,1,152,3,Thursday,2,22,281,Spring
109.7055,2006-07-01,2006,7,1,182,5,Saturday,3,26,381,Summer
110.3164,2006-08-01,2006,8,1,213,1,Tuesday,3,31,481,Summer
94.6849,2006-09-01,2006,9,1,244,4,Friday,3,35,581,Summer
89.3318,2006-10-01,2006,10,1,274,6,Sunday,4,39,681,Fall
91.2085,2006-11-01,2006,11,1,305,2,Wednesday,4,44,781,Fall
101.821,2006-12-01,2006,12,1,335,4,Friday,4,48,881,Fall
110.7058,2007-01-01,2007,1,1,1,0,Monday,1,1,1081,Winter
110.454,2007-02-01,2007,2,1,32,3,Thursday,1,5,1181,Winter
97.9823,2007-03-01,2007,3,1,60,3,Thursday,1,9,1281,Winter
89.6843,2007-04-01,2007,4,1,91,6,Sunday,2,13,81,Spring
90.9207,2007-05-01,2007,5,1,121,1,Tuesday,2,18,181,Spring
99.7503,2007-06-01,2007,6,1,152,4,Friday,2,22,281,Spring
106.3227,2007-07-01,2007,7,1,182,6,Sunday,3,26,381,Summer
112.7922,2007-08-01,2007,8,1,213,2,Wednesday,3,31,481,Summer
100.3374,2007-09-01,2007,9,1,244,5,Saturday,3,35,581,Summer
91.8884,2007-10-01,2007,10,1,274,0,Monday,4,40,681,Fall
92.7412,2007-11-01,2007,11,1,305,3,Thursday,4,44,781,Fall
105.442,2007-12-01,2007,12,1,335,5,Saturday,4,48,881,Fall
113.4467,2008-01-01,2008,1,1,1,1,Tuesday,1,1,1081,Winter
106.8984,2008-02-01,2008,2,1,32,4,Friday,1,5,1181,Winter
99.2054,2008-03-01,2008,3,1,61,5,Saturday,1,9,1281,Winter
89.8473,2008-04-01,2008,4,1,92,1,Tuesday,2,14,81,Spring
90.0774,2008-05-01,2008,5,1,122,3,Thursday,2,18,181,Spring
102.6195,2008-06-01,2008,6,1,153,6,Sunday,2,22,281,Spring
109.4204,2008-07-01,2008,7,1,183,1,Tuesday,3,27,381,Summer
106.2819,2008-08-01,2008,8,1,214,4,Friday,3,31,481,Summer
96.5447,2008-09-01,2008,9,1,245,0,Monday,3,36,581,Summer
89.8755,2008-10-01,2008,10,1,275,2,Wednesday,4,40,681,Fall
92.6256,2008-11-01,2008,11,1,306,5,Saturday,4,44,781,Fall
108.0176,2008-12-01,2008,12,1,336,0,Monday,4,49,881,Fall
115.3515,2009-01-01,2009,1,1,1,3,Thursday,1,1,1081,Winter
103.092,2009-02-01,2009,2,1,32,6,Sunday,1,5,1181,Winter
96.5375,2009-03-01,2009,3,1,60,6,Sunday,1,9,1281,Winter
86.9999,2009-04-01,2009,4,1,91,2,Wednesday,2,14,81,Spring
86.4167,2009-05-01,2009,5,1,121,4,Friday,2,18,181,Spring
96.0944,2009-06-01,2009,6,1,152,0,Monday,2,23,281,Spring
102.6101,2009-07-01,2009,7,1,182,2,Wednesday,3,27,381,Summer
104.4211,2009-08-01,2009,8,1,213,5,Saturday,3,31,481,Summer
93.6745,2009-09-01,2009,9,1,244,1,Tuesday,3,36,581,Summer
88.0479,2009-10-01,2009,10,1,274,3,Thursday,4,40,681,Fall
88.1245,2009-11-01,2009,11,1,305,6,Sunday,4,44,781,Fall
109.2273,2009-12-01,2009,12,1,335,1,Tuesday,4,49,881,Fall
117.4737,2010-01-01,2010,1,1,1,4,Friday,1,53,1081,Winter
109.106,2010-02-01,2010,2,1,32,0,Monday,1,5,1181,Winter
96.8805,2010-03-01,2010,3,1,60,0,Monday,1,9,1281,Winter
84.9776,2010-04-01,2010,4,1,91,3,Thursday,2,13,81,Spring
89.4931,2010-05-01,2010,5,1,121,5,Saturday,2,17,181,Spring
102.9199,2010-06-01,2010,6,1,152,1,Tuesday,2,22,281,Spring
111.4497,2010-07-01,2010,7,1,182,3,Thursday,3,26,381,Summer
111.5623,2010-08-01,2010,8,1,213,6,Sunday,3,30,481,Summer
98.8352,2010-09-01,2010,9,1,244,2,Wednesday,3,35,581,Summer
87.7291,2010-10-01,2010,10,1,274,4,Friday,4,39,681,Fall
91.4364,2010-11-01,2010,11,1,305,0,Monday,4,44,781,Fall
112.8056,2010-12-01,2010,12,1,335,2,Wednesday,4,48,881,Fall
117.9343,2011-01-01,2011,1,1,1,5,Saturday,1,52,1081,Winter
105.867,2011-02-01,2011,2,1,32,1,Tuesday,1,5,1181,Winter
97.6831,2011-03-01,2011,3,1,60,1,Tuesday,1,9,1281,Winter
88.0082,2011-04-01,2011,4,1,91,4,Friday,2,13,81,Spring
88.7352,2011-05-01,2011,5,1,121,6,Sunday,2,17,181,Spring
101.3837,2011-06-01,2011,6,1,152,2,Wednesday,2,22,281,Spring
113.2128,2011-07-01,2011,7,1,182,4,Friday,3,26,381,Summer
112.0655,2011-08-01,2011,8,1,213,0,Monday,3,31,481,Summer
98.0976,2011-09-01,2011,9,1,244,3,Thursday,3,35,581,Summer
88.9858,2011-10-01,2011,10,1,274,5,Saturday,4,39,681,Fall
92.3775,2011-11-01,2011,11,1,305,1,Tuesday,4,44,781,Fall
105.7794,2011-12-01,2011,12,1,335,3,Thursday,4,48,881,Fall
110.2292,2012-01-01,2012,1,1,1,6,Sunday,1,52,1081,Winter
101.8597,2012-02-01,2012,2,1,32,2,Wednesday,1,5,1181,Winter
92.0263,2012-03-01,2012,3,1,61,3,Thursday,1,9,1281,Winter
86.151,2012-04-01,2012,4,1,92,6,Sunday,2,13,81,Spring
91.3542,2012-05-01,2012,5,1,122,1,Tuesday,2,18,181,Spring
99.6795,2012-06-01,2012,6,1,153,4,Friday,2,22,281,Spring
111.6088,2012-07-01,2012,7,1,183,6,Sunday,3,26,381,Summer
108.4356,2012-08-01,2012,8,1,214,2,Wednesday,3,31,481,Summer
95.393,2012-09-01,2012,9,1,245,5,Saturday,3,35,581,Summer
88.8972,2012-10-01,2012,10,1,275,0,Monday,4,40,681,Fall
92.8549,2012-11-01,2012,11,1,306,3,Thursday,4,44,781,Fall
103.5324,2012-12-01,2012,12,1,336,5,Saturday,4,48,881,Fall
113.6169,2013-01-01,2013,1,1,1,1,Tuesday,1,1,1081,Winter
104.9588,2013-02-01,2013,2,1,32,4,Friday,1,5,1181,Winter
101.2068,2013-03-01,2013,3,1,60,4,Friday,1,9,1281,Winter
89.2832,2013-04-01,2013,4,1,91,0,Monday,2,14,81,Spring
89.3331,2013-05-01,2013,5,1,121,2,Wednesday,2,18,181,Spring
99.1089,2013-06-01,2013,6,1,152,5,Saturday,2,22,281,Spring
108.6244,2013-07-01,2013,7,1,182,0,Monday,3,27,381,Summer
106.7201,2013-08-01,2013,8,1,213,3,Thursday,3,31,481,Summer
97.7893,2013-09-01,2013,9,1,244,6,Sunday,3,35,581,Summer
90.2661,2013-10-01,2013,10,1,274,1,Tuesday,4,40,681,Fall
95.5682,2013-11-01,2013,11,1,305,4,Friday,4,44,781,Fall
111.7132,2013-12-01,2013,12,1,335,6,Sunday,4,48,881,Fall
122.2477,2014-01-01,2014,1,1,1,2,Wednesday,1,1,1081,Winter
111.0634,2014-02-01,2014,2,1,32,5,Saturday,1,5,1181,Winter
102.9008,2014-03-01,2014,3,1,60,5,Saturday,1,9,1281,Winter
88.4616,2014-04-01,2014,4,1,91,1,Tuesday,2,14,81,Spring
90.4626,2014-05-01,2014,5,1,121,3,Thursday,2,18,181,Spring
100.0769,2014-06-01,2014,6,1,152,6,Sunday,2,22,281,Spring
106.9482,2014-07-01,2014,7,1,182,1,Tuesday,3,27,381,Summer
106.7093,2014-08-01,2014,8,1,213,4,Friday,3,31,481,Summer
98.8751,2014-09-01,2014,9,1,244,0,Monday,3,36,581,Summer
90.7419,2014-10-01,2014,10,1,274,2,Wednesday,4,40,681,Fall
97.689,2014-11-01,2014,11,1,305,5,Saturday,4,44,781,Fall
107.4271,2014-12-01,2014,12,1,335,0,Monday,4,49,881,Fall
118.2531,2015-01-01,2015,1,1,1,3,Thursday,1,1,1081,Winter
114.5314,2015-02-01,2015,2,1,32,6,Sunday,1,5,1181,Winter
102.5269,2015-03-01,2015,3,1,60,6,Sunday,1,9,1281,Winter
87.8376,2015-04-01,2015,4,1,91,2,Wednesday,2,14,81,Spring
89.3234,2015-05-01,2015,5,1,121,4,Friday,2,18,181,Spring
101.3075,2015-06-01,2015,6,1,152,0,Monday,2,23,281,Spring
110.2383,2015-07-01,2015,7,1,182,2,Wednesday,3,27,381,Summer
109.0313,2015-08-01,2015,8,1,213,5,Saturday,3,31,481,Summer
100.209,2015-09-01,2015,9,1,244,1,Tuesday,3,36,581,Summer
89.5855,2015-10-01,2015,10,1,274,3,Thursday,4,40,681,Fall
90.825,2015-11-01,2015,11,1,305,6,Sunday,4,44,781,Fall
100.7938,2015-12-01,2015,12,1,335,1,Tuesday,4,49,881,Fall
115.1674,2016-01-01,2016,1,1,1,4,Friday,1,53,1081,Winter
104.3863,2016-02-01,2016,2,1,32,0,Monday,1,5,1181,Winter
92.819,2016-03-01,2016,3,1,61,1,Tuesday,1,9,1281,Winter
86.8329,2016-04-01,2016,4,1,92,4,Friday,2,13,81,Spring
88.117,2016-05-01,2016,5,1,122,6,Sunday,2,17,181,Spring
101.8577,2016-06-01,2016,6,1,153,2,Wednesday,2,22,281,Spring
112.4728,2016-07-01,2016,7,1,183,4,Friday,3,26,381,Summer
113.7737,2016-08-01,2016,8,1,214,0,Monday,3,31,481,Summer
100.7216,2016-09-01,2016,9,1,245,3,Thursday,3,35,581,Summer
89.5038,2016-10-01,2016,10,1,275,5,Saturday,4,39,681,Fall
91.2208,2016-11-01,2016,11,1,306,1,Tuesday,4,44,781,Fall
112.2986,2016-12-01,2016,12,1,336,3,Thursday,4,48,881,Fall
114.8147,2017-01-01,2017,1,1,1,6,Sunday,1,52,1081,Winter
98.2106,2017-02-01,2017,2,1,32,2,Wednesday,1,5,1181,Winter
99.6345,2017-03-01,2017,3,1,60,2,Wednesday,1,9,1281,Winter
85.9082,2017-04-01,2017,4,1,91,5,Saturday,2,13,81,Spring
89.2046,2017-05-01,2017,5,1,121,0,Monday,2,18,181,Spring
99.195,2017-06-01,2017,6,1,152,3,Thursday,2,22,281,Spring
109.8528,2017-07-01,2017,7,1,182,5,Saturday,3,26,381,Summer
106.3907,2017-08-01,2017,8,1,213,1,Tuesday,3,31,481,Summer
95.8093,2017-09-01,2017,9,1,244,4,Friday,3,35,581,Summer
90.8111,2017-10-01,2017,10,1,274,6,Sunday,4,39,681,Fall
95.7434,2017-11-01,2017,11,1,305,2,Wednesday,4,44,781,Fall
114.4252,2017-12-01,2017,12,1,335,4,Friday,4,48,881,Fall
126.3733,2018-01-01,2018,1,1,1,0,Monday,1,1,1081,Winter
106.1863,2018-02-01,2018,2,1,32,3,Thursday,1,5,1181,Winter
103.121,2018-03-01,2018,3,1,60,3,Thursday,1,9,1281,Winter
92.4278,2018-04-01,2018,4,1,91,6,Sunday,2,13,81,Spring
93.0757,2018-05-01,2018,5,1,121,1,Tuesday,2,18,181,Spring
103.2564,2018-06-01,2018,6,1,152,4,Friday,2,22,281,Spring
113.0907,2018-07-01,2018,7,1,182,6,Sunday,3,26,381,Summer
113.0437,2018-08-01,2018,8,1,213,2,Wednesday,3,31,481,Summer
101.4021,2018-09-01,2018,9,1,244,5,Saturday,3,35,581,Summer
94.4855,2018-10-01,2018,10,1,274,0,Monday,4,40,681,Fall
101.377,2018-11-01,2018,11,1,305,3,Thursday,4,44,781,Fall
110.5761,2018-12-01,2018,12,1,335,5,Saturday,4,48,881,Fall
120.0607,2019-01-01,2019,1,1,1,1,Tuesday,1,1,1081,Winter
109.9657,2019-02-01,2019,2,1,32,4,Friday,1,5,1181,Winter
104.4565,2019-03-01,2019,3,1,60,4,Friday,1,9,1281,Winter
88.2635,2019-04-01,2019,4,1,91,0,Monday,2,14,81,Spring
92.6296,2019-05-01,2019,5,1,121,2,Wednesday,2,18,181,Spring
99.6931,2019-06-01,2019,6,1,152,5,Saturday,2,22,281,Spring
113.9205,2019-07-01,2019,7,1,182,0,Monday,3,27,381,Summer
112.3526,2019-08-01,2019,8,1,213,3,Thursday,3,31,481,Summer
103.1273,2019-09-01,2019,9,1,244,6,Sunday,3,35,581,Summer
93.8114,2019-10-01,2019,10,1,274,1,Tuesday,4,40,681,Fall
99.9641,2019-11-01,2019,11,1,305,4,Friday,4,44,781,Fall
109.9062,2019-12-01,2019,12,1,335,6,Sunday,4,48,881,Fall
112.9423,2020-01-01,2020,1,1,1,2,Wednesday,1,1,1081,Winter
106.6011,2020-02-01,2020,2,1,32,5,Saturday,1,5,1181,Winter
96.5659,2020-03-01,2020,3,1,61,6,Sunday,1,9,1281,Winter
86.1331,2020-04-01,2020,4,1,92,2,Wednesday,2,14,81,Spring
87.293,2020-05-01,2020,5,1,122,4,Friday,2,18,181,Spring
99.7657,2020-06-01,2020,6,1,153,0,Monday,2,23,281,Spring
115.1955,2020-07-01,2020,7,1,183,2,Wednesday,3,27,381,Summer
111.9388,2020-08-01,2020,8,1,214,5,Saturday,3,31,481,Summer
98.0685,2020-09-01,2020,9,1,245,1,Tuesday,3,36,581,Summer
91.7475,2020-10-01,2020,10,1,275,3,Thursday,4,40,681,Fall
93.0274,2020-11-01,2020,11,1,306,6,Sunday,4,44,781,Fall
112.7339,2020-12-01,2020,12,1,336,1,Tuesday,4,49,881,Fall
117.1023,2021-01-01,2021,1,1,1,4,Friday,1,53,1081,Winter
114.2183,2021-02-01,2021,2,1,32,0,Monday,1,5,1181,Winter
98.8065,2021-03-01,2021,3,1,60,0,Monday,1,9,1281,Winter
87.659,2021-04-01,2021,4,1,91,3,Thursday,2,13,81,Spring
89.7735,2021-05-01,2021,5,1,121,5,Saturday,2,17,181,Spring
104.2435,2021-06-01,2021,6,1,152,1,Tuesday,2,22,281,Spring
112.5393,2021-07-01,2021,7,1,182,3,Thursday,3,26,381,Summer
114.203,2021-08-01,2021,8,1,213,6,Sunday,3,30,481,Summer
100.5123,2021-09-01,2021,9,1,244,2,Wednesday,3,35,581,Summer
91.3002,2021-10-01,2021,10,1,274,4,Friday,4,39,681,Fall
97.8487,2021-11-01,2021,11,1,305,0,Monday,4,44,781,Fall
107.9846,2021-12-01,2021,12,1,335,2,Wednesday,4,48,881,Fall
125.6709,2022-01-01,2022,1,1,1,5,Saturday,1,52,1081,Winter
113.7202,2022-02-01,2022,2,1,32,1,Tuesday,1,5,1181,Winter
102.4531,2022-03-01,2022,3,1,60,1,Tuesday,1,9,1281,Winter
91.269,2022-04-01,2022,4,1,91,4,Friday,2,13,81,Spring
94.2076,2022-05-01,2022,5,1,121,6,Sunday,2,17,181,Spring
105.2433,2022-06-01,2022,6,1,152,2,Wednesday,2,22,281,Spring
116.116,2022-07-01,2022,7,1,182,4,Friday,3,26,381,Summer
114.8192,2022-08-01,2022,8,1,213,0,Monday,3,31,481,Summer
100.8261,2022-09-01,2022,9,1,244,3,Thursday,3,35,581,Summer
91.1027,2022-10-01,2022,10,1,274,5,Saturday,4,39,681,Fall
100.15,2022-11-01,2022,11,1,305,1,Tuesday,4,44,781,Fall
119.2465,2022-12-01,2022,12,1,335,3,Thursday,4,48,881,Fall
116.0803,2023-01-01,2023,1,1,1,6,Sunday,1,52,1081,Winter
106.2589,2023-02-01,2023,2,1,32,2,Wednesday,1,5,1181,Winter
104.599,2023-03-01,2023,3,1,60,2,Wednesday,1,9,1281,Winter
90.5375,2023-04-01,2023,4,1,91,5,Saturday,2,13,81,Spring
91.0514,2023-05-01,2023,5,1,121,0,Monday,2,18,181,Spring
